{
    "avg_prec": 0.5697798226200491,
    "roc_auc": 0.9300387938635161
}