{
    "avg_prec": 0.5797268598103349,
    "roc_auc": 0.9330566267738992
}